{"cameraMode":{"drawMode":0,"name":"Shaded","section":"Shading Mode"},"sceneLighting":false,"audioPlay":false,"sceneViewState":{"showFog":false,"showMaterialUpdate":false,"showSkybox":false,"showFlares":false,"showImageEffects":false,"showParticleSystems":false},"in2DMode":false,"pivot":{"x":-1.4129998683929444,"y":3.7279999256134035,"z":-0.35599997639656069},"rotation":{"x":-0.28727322816848757,"y":-0.09325062483549118,"z":0.028072446584701539,"w":-0.9528852701187134},"size":5.715769290924072,"orthographic":false}