{"cameraMode":{"drawMode":0,"name":"Shaded","section":"Shading Mode"},"sceneLighting":false,"audioPlay":false,"sceneViewState":{"showFog":false,"showMaterialUpdate":false,"showSkybox":false,"showFlares":false,"showImageEffects":false,"showParticleSystems":false},"in2DMode":false,"pivot":{"x":-0.5799999833106995,"y":9.478854179382325,"z":-6.03000020980835},"rotation":{"x":0.06888903677463532,"y":-0.9197508096694946,"z":0.18770885467529298,"w":0.33775460720062258},"size":1.9981842041015626,"orthographic":false}