{"cameraMode":{"drawMode":0,"name":"Shaded","section":"Shading Mode"},"sceneLighting":true,"audioPlay":false,"sceneViewState":{"showFog":false,"showMaterialUpdate":false,"showSkybox":false,"showFlares":false,"showImageEffects":false,"showParticleSystems":false},"in2DMode":false,"pivot":{"x":-3.971834182739258,"y":-5.142513275146484,"z":12.470748901367188},"rotation":{"x":-0.292697548866272,"y":0.6285449862480164,"z":-0.2763780653476715,"w":-0.6654881834983826},"size":34.670372009277347,"orthographic":false}